{"genreList":[{"count":0,"genre_id":10000002,"genre_title":"History"},{"count":100,"genre_id":0,"genre_title":"Hot"},{"count":500,"genre_id":10000000,"genre_title":"All Genres"},{"count":18,"genre_id":1243,"genre_title":"Holiday","genre_url":"http://"},{"count":17,"genre_id":1244,"genre_title":"Birthday","genre_url":"http://"},{"count":17,"genre_id":1240,"genre_title":"Cheerful","genre_url":"http://"},{"count":86,"genre_id":1248,"genre_title":"Electronic","genre_url":"http://"},{"count":38,"genre_id":1250,"genre_title":"Fun","genre_url":"http://"},{"count":68,"genre_id":1246,"genre_title":"Dance","genre_url":"http://"},{"count":49,"genre_id":1241,"genre_title":"Chill","genre_url":"http://"},{"count":44,"genre_id":1242,"genre_title":"Romantic","genre_url":"http://"},{"count":20,"genre_id":1249,"genre_title":"Vlog","genre_url":"http://"},{"count":74,"genre_id":1245,"genre_title":"Classic","genre_url":"http://"},{"count":16,"genre_id":1247,"genre_title":"Jazzy","genre_url":"http://"},{"count":16,"genre_id":-1,"genre_title":"Jazzy","genre_url":""}],"localPageList":[{"filePath":"/storage/emulated/0/gridplusapp/.track/fma_1.json","localkey":"5b72202da41ed84286fe6019f7add70d","trackPageItem":{"count":50,"lasttime":"1670491889","md5":"2849d7f2da323218505036e6fe116d5f","url":"https://media.grid.plus/fma_music_media.grid.plus/fma_1.json"}},{"filePath":"","trackPageItem":{"count":50,"lasttime":"1670491889","md5":"c65e49baed3f3aaa1e1c96f60f4e7232","url":"https://media.grid.plus/fma_music_media.grid.plus/fma_2.json"}},{"filePath":"","trackPageItem":{"count":50,"lasttime":"1670491889","md5":"45d27a334a79234f05c3da14c3ba5937","url":"https://media.grid.plus/fma_music_media.grid.plus/fma_3.json"}},{"filePath":"","trackPageItem":{"count":50,"lasttime":"1670491889","md5":"b3e27196f50e225fb8420e3272539d28","url":"https://media.grid.plus/fma_music_media.grid.plus/fma_4.json"}},{"filePath":"","trackPageItem":{"count":50,"lasttime":"1670491889","md5":"8b14f0690c49b7cc224b7ace70509854","url":"https://media.grid.plus/fma_music_media.grid.plus/fma_5.json"}},{"filePath":"","trackPageItem":{"count":50,"lasttime":"1670491889","md5":"c246b7356abe66f3cfbb65686a2ff53b","url":"https://media.grid.plus/fma_music_media.grid.plus/fma_6.json"}},{"filePath":"","trackPageItem":{"count":50,"lasttime":"1670491889","md5":"68efd7cb673a9c9915b41fcd6633aafe","url":"https://media.grid.plus/fma_music_media.grid.plus/fma_7.json"}},{"filePath":"","trackPageItem":{"count":50,"lasttime":"1670491889","md5":"d36f702c6de5ef636c90a6d1b1763988","url":"https://media.grid.plus/fma_music_media.grid.plus/fma_8.json"}},{"filePath":"","trackPageItem":{"count":50,"lasttime":"1670491889","md5":"c31b682d2d158ead8909c6da861b316c","url":"https://media.grid.plus/fma_music_media.grid.plus/fma_9.json"}},{"filePath":"","trackPageItem":{"count":50,"lasttime":"1670491890","md5":"df26e1928b5d3d4e2d8cadc59ca6f5ca","url":"https://media.grid.plus/fma_music_media.grid.plus/fma_10.json"}},{"filePath":"","trackPageItem":{"count":3,"lasttime":"1670491890","md5":"f96abc0c90f3d21eeaea48fb93b1f334","url":"https://media.grid.plus/fma_music_media.grid.plus/fma_11.json"}}]}